{"cameraMode":{"drawMode":0,"name":"Shaded","section":"Shading Mode"},"sceneLighting":true,"audioPlay":false,"sceneViewState":{"m_AlwaysRefresh":false,"showFog":true,"showSkybox":true,"showFlares":true,"showImageEffects":true,"showParticleSystems":true,"showVisualEffectGraphs":true,"m_FxEnabled":true},"in2DMode":false,"pivot":{"x":-4.671037673950195,"y":5.012197494506836,"z":7.620802879333496},"rotation":{"x":-0.013490871526300908,"y":0.9844709038734436,"z":-0.08766111731529236,"w":-0.15150713920593263},"size":0.8660253882408142,"orthographic":false}