{"cameraMode":{"drawMode":0,"name":"Shaded","section":"Shading Mode"},"sceneLighting":true,"audioPlay":false,"sceneViewState":{"m_AlwaysRefresh":false,"showFog":true,"showSkybox":true,"showFlares":true,"showImageEffects":true,"showParticleSystems":true,"showVisualEffectGraphs":true,"m_FxEnabled":true},"in2DMode":false,"pivot":{"x":-10.047530174255371,"y":14.655592918395996,"z":-12.870630264282227},"rotation":{"x":-0.43843796849250796,"y":0.04607789218425751,"z":-0.022512588649988176,"w":-0.8973031640052795},"size":1.6494579315185547,"orthographic":false}