{"cameraMode":{"drawMode":0,"name":"Shaded","section":"Shading Mode"},"sceneLighting":true,"audioPlay":false,"sceneViewState":{"m_AlwaysRefresh":false,"showFog":true,"showSkybox":true,"showFlares":true,"showImageEffects":true,"showParticleSystems":true,"showVisualEffectGraphs":true,"m_FxEnabled":true},"in2DMode":false,"pivot":{"x":-7.078096389770508,"y":12.024154663085938,"z":16.237531661987306},"rotation":{"x":0.011597658507525921,"y":0.9859237670898438,"z":-0.14780768752098084,"w":0.07735680043697357},"size":0.8660253882408142,"orthographic":false}